Name,Spinoff Relevance,Website,Email,LinkedIn,Instagram,X/Twitter,Discord,Facebook,YouTube,GitHub,TikTok,HuggingFace,Luma,Linktree,Slack,University,Sector,Activity Mode
Akademische Energiegenossenschaft @ TUM,A,https://umwelt.asta.tum.de/en/academic-energy-cooperative/,,,,,,,,,,,,,,TUM,Sustainability & CleanTech,BUILD
Akaflieg München e.V.,A,https://www.akaflieg.vo.tum.de/,info@akaflieg-muenchen.de,https://www.linkedin.com/company/akaflieg-münchen,https://www.instagram.com/akaflieg_muenchen,,,,https://www.youtube.com/user/akafliegmuenchen,,,,,,,TUM/HM,Aerospace & Space,BUILD
AkaModell,A,https://akamodell-muenchen.de/,vorstand@akamodell-muenchen.de,https://de.linkedin.com/company/akamodell,https://www.instagram.com/akamodell/,,,https://www.facebook.com/akamodell/,https://www.youtube.com/channel/akamodellmunchen,,,,,,,TUM,Aerospace & Space,BUILD
Aviation Innovation Research (AIR),A,https://air-initiative.com/work,,https://www.linkedin.com/company/air-initiative,https://www.instagram.com/air.initiative,,,,,,,,,,,TUM,Aerospace & Space,BUILD
Biogenesis,A,https://biogenesismunich.com/,,https://www.linkedin.com/company/biogenesi-munich,,,,,,,,,,,,TUM,Biotech & Life Sciences,BUILD
Bioinformatics Munich Student Lab,A,https://bmsl.dev/,bioinformaticsmunichstudentlab@gmail.com,,,,,,,https://github.com/Bioinformatics-Munich-Student-Lab,,,,,,TUM,Biotech & Life Sciences,BUILD
c.lab – Creative Lab,A,http://creative-lab-hm.de/,,,,https://x.com/clab_hm,,,,,,,,,,HM,Entrepreneurship & Innovation,BUILD
Claude Builders Club Munich,A,https://www.linkedin.com/company/claude-builders-club-munich,,https://www.linkedin.com/company/claude-builders-club-munich,,,,,,,,,,,,TUM,"AI, Data & Software",BUILD
DASH (Exoskeleton Team),A,https://tumdash.com/,,https://de.linkedin.com/company/tumdash,,,,,,,,,,,,TUM,Robotics & Hardware,BUILD
Edventure @ TUM,A,https://edventuretum.wordpress.com/,,,,,,,,,,,,,,TUM,Entrepreneurship & Innovation,EDUCATE
Elara Aerospace,A,https://elara-aerospace.com/,tobias.jager@elara-aerospace.com,https://www.linkedin.com/company/elara-aerospace/,https://www.instagram.com/elara_aerospace/,,,,,https://github.com/elara-aerospace,,,,,,TUM,Aerospace & Space,BUILD
Enactus München,A,https://enactus-muenchen.de/,team@enactus-muenchen.de,https://www.linkedin.com/company/enactus-muenchen/,https://www.instagram.com/enactusmuenchen_,,,,https://www.youtube.com/user/enactusMunich/videos?app=desktop&view=0&sort=dd&shelf_id=0,,,,https://lu.ma/calendar/cal-GpkIbbuv5X1hplz,,,TUM,Entrepreneurship & Innovation,BUILD
Enactus Straubing,A,https://enactus-straubing.de/,teamvorstand@straubing.enactus.team,https://de.linkedin.com/company/enactus-straubing,,,,,,,,,,,,TUM,Entrepreneurship & Innovation,BUILD
Falcon Vision,A,https://falconvision.org/,contact@falconvision.org,https://www.linkedin.com/in/falcon-vision-888235303/,,,,,,,,,,,,TUM,Aerospace & Space,BUILD
Flightlab,A,https://www.hm-flightlab.com/,,https://www.linkedin.com/company/hm-flightlab,https://www.instagram.com/flightlab_muc,,,,,,,,,,,HM,Aerospace & Space,BUILD
Future Foods,A,https://www.linkedin.com/company/future-foods-tum,,https://www.linkedin.com/company/future-foods-tum,,,,,,,,,,,,TUM,Sustainability & CleanTech,BUILD
Future Founders Initiative,A,https://ffievents.com/event/muenchen,,,,,,,,,,,,,,TUM,Entrepreneurship & Innovation,EDUCATE
h4tum,A,https://www.sec.in.tum.de/i20/ctf,info@h4tum.de,,,,,,,,,,,,,TUM,"AI, Data & Software",EDUCATE
hackaTUM,A,https://hack.tum.de/,hackatum.in@tum.de,,,https://twitter.com/hackatum,,https://www.facebook.com/groups/hackatum,https://www.youtube.com/channel/UCSwsPhzX_2Mlc37Oe45tElg,https://github.com/TUM-Dev,,,,,,TUM,"AI, Data & Software",EDUCATE
HORYZN,A,https://www.horyzn.org,info@horyzn.org,https://www.linkedin.com/in/balazsnagy1994,,,,,,,,,,,,TUM,Aerospace & Space,BUILD
Hummingbird,A,https://www.asg.ed.tum.de/ltf/studium/hummingbird,info-hummingbird.ltf@ed.tum.de,https://de.linkedin.com/company/tum-lehrstuhl-f%C3%BCr-turbomaschinen-und-flugantriebe,,,,,,,,,,,,TUM,Sustainability & CleanTech,BUILD
Hydro2Motion,A,https://hydro2motion.eu/,info@hydro2motion.de,https://www.linkedin.com/company/hydro2motion,,,,,,,,,,,,HM,Mobility & Transport,COMPETE
iGEM Munich (LMU Side),A,,igem@bio.lmu.de,https://www.linkedin.com/company/igem-munich,https://www.instagram.com/igem.munich/,,,https://www.facebook.com/Munich.iGEM/,https://www.youtube.com/@igemmunich,,,,https://lu.ma/75a1wzlf,,,LMU,Biotech & Life Sciences,BUILD
iGEM Straubing,A,https://igem-straubing.de/,,https://www.linkedin.com/company/igem-tum-campus-straubing/,,,,,,https://github.com/TUM-Dev,,,,,,TUM,Biotech & Life Sciences,BUILD
Impetus Sailing Team,A,https://impetussailing.de/,b.wittmann@impetussailing.de,https://www.linkedin.com/company/futurefoundersinitiative,https://www.instagram.com/futurefoundersinitiative,,,,,,,,,,,TUM,Mobility & Transport,COMPETE
Innovis VC,A,https://www.innovis.vc/,info@innovis.vc,https://www.linkedin.com/company/innovisvc/,,,,,,,,,,,,TUM,Entrepreneurship & Innovation,NETWORK
LEVITUM,A,https://www.levitum.de/,info@levitum.de,https://www.linkedin.com/company/69713305,https://www.instagram.com/levitum.muc,,,,https://www.youtube.com/channel/UC_kspzvcPNq3ojrhYYJDQEQ,,,,,,,TUM,Mobility & Transport,COMPETE
MedTech OneWorld Students,A,https://mtows.de/,,,https://www.instagram.com/tum.mtows/,,,,,,,,,,,TUM,Biotech & Life Sciences,BUILD
Munich NLP,A,https://munich-nlp.com/,,https://www.linkedin.com/company/munich-nlp/,https://www.instagram.com/munichcenter_ml,https://x.com/MunichCenterML,https://discord.com/invite/BgFaZgZ38N,,https://www.youtube.com/@MCML_Munich,https://github.com/munich-nlp,,https://huggingface.co/munichnlp,,,,TUM,"AI, Data & Software",EDUCATE
municHMotorsport,A,http://munichmotorsport.de/,info@munichmotorsport.de,https://de.linkedin.com/in/fabio-schuck-89606b229,https://instagram.com/mucmotorsport?igshid=YmMyMTA2M2Y=,,,https://www.facebook.com/mucmotorsport?locale=de_DE,https://www.youtube.com/@municHMotorsport,,,,,,,HM,Mobility & Transport,COMPETE
muniQuant,A,https://muniquant-website.vercel.app/,contact@quantfinanceclub.de,,,,,,,,,,,,,TUM,Finance & Business Services,BUILD
Nucleate Germany,A,https://nucleate.org/locations/germany,germany@nucleate.org,https://de.linkedin.com/company/nucleategermany,,,,,,,,,https://lu.ma/user/nucleategermany,,,TUM,Biotech & Life Sciences,NETWORK
OneAIM,A,https://www.one-aim.org/,contact@one-aim.org,https://www.linkedin.com/company/oneaimmunich/,https://www.instagram.com/oneaim.munich/,https://twitter.com/DerNicopolidis,,,https://www.youtube.com/m945_muenchen,,,,,,,TUM,"AI, Data & Software",EDUCATE
OpenHardware,A,https://open-hardware-initiative.com/,,,,https://x.com/open_hardware,,,,,,,,,,TUM,Robotics & Hardware,BUILD
OpenSource @ TUM,A,mailto:leads@tum.dev,leads@tum.dev,,,,,,,,,,,,,TUM,"AI, Data & Software",BUILD
PERSIS (SPACE LAB),A,https://me.hm.edu/forschung_entwicklung/forschungsprojekte/spacelab.de.html,,,https://www.instagram.com/hochschulemuenchen,,,,,,,,,,,HM,Aerospace & Space,BUILD
PERSIS (Space Manufacturing),A,,,,,,,,,,,,,,,HM,Aerospace & Space,BUILD
planl_s studio,A,https://www.instagram.com/planlosstudio,,,https://www.instagram.com/planlosstudio,,,,,,,,,,,TUM,Entrepreneurship & Innovation,BUILD
PushQuantum,A,https://www.pushquantum.tech/,hello@pushquantum.tech,https://de.linkedin.com/company/push-quantum,https://www.instagram.com/pushquantum_ev/,,,,,,,,,,,TUM,Quantum & Deep Physics,EDUCATE
RoboTUM,A,https://www.robotum.info/,outreach@robotum.info,https://www.linkedin.com/company/therobotum,,,,,,,,,https://lu.ma/bqtrekm5,,,TUM,Robotics & Hardware,BUILD
Sailsetters,A,https://sailsetters.de/,,https://www.linkedin.com/company/sailsetters,,,,https://www.facebook.com/sailsetters,,,,,,https://linktr.ee/sailsetters,,TUM,Mobility & Transport,COMPETE
Serlo – ein Projekt der Gesellschaft für freie Bildung e. V.,A,https://de.serlo.org/serlo,de@serlo.org,https://www.linkedin.com/company/serlo,,,,,,https://github.com/serlo,,,,,,LMU,Social Impact & Education,BUILD
Space Lab,A,,,,,,,,,,,,,,,HM,Aerospace & Space,BUILD
START Munich,A,https://www.startmunich.de/,info@startmunich.de,https://www.linkedin.com/company/startmunich/,https://instagram.com/enhands,,,,,,,,https://lu.ma/start-munich,,,LMU,Entrepreneurship & Innovation,BUILD
Strascheg Center for Entrepreneurship (SCE),A,https://www.sce.de/en,andreas.gattner@sce.de,https://de.linkedin.com/company/strascheg-center-for-entrepreneurship-ggmbh,,,,,,,,,,,,HM,Entrepreneurship & Innovation,EDUCATE
Synchronized Skies,A,https://syncskies.com/,,https://www.linkedin.com/company/falconvision,https://www.instagram.com/team.falconvision,,,,,,,,,,,TUM,Aerospace & Space,BUILD
TEG – The Entrepreneurial Group e.V.,A,https://www.teg-ev.de/,,https://de.linkedin.com/company/teg-ev,,https://twitter.com/tegev,,https://facebook.com/TheEntrepreneurialGroup,,,,,,,,TUM/LMU,Entrepreneurship & Innovation,EDUCATE
TUfast,A,https://tufast.de/,info@tufast.de,https://de.linkedin.com/company/tufast-racing-team,https://www.instagram.com/tufastracingteam/,,,,,,,,,,,TUM,Mobility & Transport,COMPETE
TUfast Eco,A,https://tufast-eco.de/,info.eco@tufast.de,https://www.linkedin.com/company/tufast-eco/,https://www.instagram.com/tufastecoteam/,https://x.com/tufast_eco,,,,,,,,,,TUM,Mobility & Transport,COMPETE
TUfast Racing Team,A,https://tufast-racingteam.de/,info.racing@tufast.de,https://de.linkedin.com/company/tufast-racing-team,https://www.instagram.com/tufastracingteam/,,,,,,,,,,,TUM,Mobility & Transport,COMPETE
TUM Autonomous Motorsport,A,https://www.tum-venture-labs.de/teams/tum-autonomous-motorsport,alexander.wischnewski@tum.de,,,,,,,,,,,,,TUM,Mobility & Transport,COMPETE
TUM Blockchain Club,A,https://www.tum-blockchain.com/,relations@tum-blockchain.com,https://www.linkedin.com/company/tum-blockchain-club/,,https://x.com/tbc_munich,,,,https://github.com/TUM-Blockchain-Club,,,,,https://blockchain-tum.slack.com/,TUM,"AI, Data & Software",EDUCATE
TUM Boring,A,https://tum-boring.com/,team@tum-boring.com,https://www.linkedin.com/company/tum-boring/,https://www.instagram.com/tum_boring/,,,,,,,,,,,TUM,Mobility & Transport,COMPETE
TUM Carbon Removal Initiative,A,https://www.tumcarbon.com/,management@tumcarbon.com,https://www.linkedin.com/company/tum-carbon-removal-initiative/,,,,,,,,,,,,TUM,Sustainability & CleanTech,BUILD
TUM Developers,A,https://github.com/TUM-Dev,leads@tum.dev,,,,,,,https://github.com/TUM-Dev,,,,,,TUM,"AI, Data & Software",BUILD
TUM Hyperloop (NEXT Prototypes),A,https://tumhyperloop.com/,gabriele.semino@tum.de,https://www.linkedin.com/company/tumhyperloop/,https://www.instagram.com/tumhyperloop/,https://x.com/TUM_Hyperloop,,https://www.facebook.com/tumboring,,,,,https://lu.ma/g1ymx2rl,,,TUM,Mobility & Transport,COMPETE
TUM iGEM,A,https://igemmunich.mwn.de/,igem@lists.lrz.de,https://de.linkedin.com/company/igem-munich,,,,,,,,,https://lu.ma/75a1wzlf,,,TUM,Biotech & Life Sciences,BUILD
TUM Phoenix Robotics,A,https://www.tum-phoenix.de/home,kontakt@tum-phoenix.de,,,,,,,,,,,,,TUM,Robotics & Hardware,COMPETE
TUM-XR: Student Initiative,A,http://student.tum-xr.com/,contact@tum-xr.com,https://www.linkedin.com/company/tum-xr,https://www.instagram.com/tum.xr,,https://discord.gg/vRmZtnhXDm,,https://www.youtube.com/@tum-xr,https://github.com/TUM-Dev,,,,,,TUM,"AI, Data & Software",BUILD
TUM.ai,A,https://www.tum-ai.com/,contact@tum-ai.com,https://www.linkedin.com/company/tum-ai/,,,,,,https://github.com/tum-ai,,https://huggingface.co/TUM,https://lu.ma/ai_entrepreneurship_lab,,https://join.slack.com/t/tumaipublic/shared_invite/zt-10kg0t1f9-JLRXDxY_d_vprKWgab0cVw,TUM,"AI, Data & Software",EDUCATE
WARR – Wissenschaftliche Arbeitsgemeinschaft für Raketentechnik und Raumfahrt,A,https://warr.de/,info@warr.de,https://www.linkedin.com/company/warrtum/,,,,,,,,,,,,TUM,Aerospace & Space,BUILD
180 Degrees Consulting Munich,B,https://www.180dcmunich.org/,info@180dcmunich.org,https://www.linkedin.com/in/arthur-gersbacher-9a9789222,,,,,,,,,,,,TUM/LMU,Finance & Business Services,CONSULT
Academy Consult,B,https://academyconsult.de/,,,,,,,,,,,,,,LMU,Finance & Business Services,CONSULT
ACM Student Chapter Munich,B,https://dsl.ifi.lmu.de/cms/news/acm-student-chapter,,,,,,https://www.facebook.com/groups/584705391878246,,,,,,,,LMU,"AI, Data & Software",NETWORK
AIESEC München,B,https://www.aiesec.de/lcs/muenchen,lc.muenchen@aiesec.de,,,,,,,,,,,,,TUM/LMU,Professional & Career Networks,NETWORK
Akademischer Börsenzirkel München,B,https://www.abz-muenchen.de/,,,,,,https://www.facebook.com/CampusZeitung.LMU?ref=br_rs,,,,,,,,TUM,Finance & Business Services,EDUCATE
Alternative Investments Munich,B,https://www.altinvestmunich.de/,,https://www.linkedin.com/in/antonia-zimmermann-1863b2215,,,,,,,,,,,,TUM,Finance & Business Services,EDUCATE
BetaTUM Student Beta Tester Community,B,https://betatum.org/,,,,,,,,,,,,,,TUM,"AI, Data & Software",EDUCATE
Betonkanu TU München,B,https://www.instagram.com/betonkanu.tum,,,https://www.instagram.com/betonkanu.tum,,,,,,,,,,,TUM,Mobility & Transport,COMPETE
bonding-studenteninitiative e.V.,B,https://münchen.bonding.de/,,,,,,,,,,,,,,LMU,Professional & Career Networks,NETWORK
btS – Life Sciences Studierendeninitiative,B,https://bts-ev.de/,,,,,,,,,,,,,,TUM,Biotech & Life Sciences,NETWORK
Campus Traders,B,,,,,,,,,,,,,https://linktr.ee/campustraders,,TUM,Finance & Business Services,EDUCATE
cog!to,B,https://www.cogito-muenchen.de/,,https://de.linkedin.com/company/ppimunich,https://www.instagram.com/p/DRw0eH8DAcV,,,https://www.facebook.com/PPIMunich,https://www.youtube.com/@PpiMuenchen,,,,,,,LMU,"AI, Data & Software",EDUCATE
ConsulTUM Club,B,https://www.consultumstudentclub.com/,,,,,,,,,,,,,,TUM,Finance & Business Services,CONSULT
Edunovo,B,https://www.edunovo.de/,,,,,,,,,,,,,,TUM,Entrepreneurship & Innovation,EDUCATE
EESTEC Munich,B,https://eestec.net/cities/munich,,,,,,,,,,,,,,TUM,Professional & Career Networks,NETWORK
EI Girls,B,mailto:ei.girls.tu@gmail.com,,,,,,,,,,,,,,TUM,"AI, Data & Software",NETWORK
ELSA München e.V.,B,https://www.elsa-muenchen.de/,,,,,,,,,,,,,,LMU,Professional & Career Networks,NETWORK
ETHER,B,https://www.instagram.com/ether_rfteam,,,https://www.instagram.com/ether_rfteam,,,,,,,,,,,TUM,Entrepreneurship & Innovation,EDUCATE
EUROAVIA München,B,,info@euroavia-muenchen.de,,https://www.instagram.com/jacc.muenchen,,,,,,,,,https://linktr.ee/euroavia.munich,,TUM,Aerospace & Space,NETWORK
EyeVoices,B,https://www.eyevoices.com/,,,,,,,,,,,,,,TUM,Social Impact & Education,BUILD
Family Business Club,B,https://www.family-business-club.de/,,https://www.linkedin.com/company/fn-munich,https://www.instagram.com/financenetworkmunich,,,,,,,,,,,TUM,Finance & Business Services,NETWORK
Finance Network Munich e.V,B,https://fn-munich.de/,,,,,,,,,,,,,,HM,Finance & Business Services,NETWORK
Global Shapers Munich,B,https://globalshapersmunich.org/,,,,,,,,,,,,,,TUM,Social Impact & Education,NETWORK
HoKo,B,https://hochschulkontaktmesse.com/,,,,,,,,,,,,,,HM,Professional & Career Networks,NETWORK
IAESTE an der TUM,B,https://iaeste-muenchen.de/de,,,,,,,,,,,,,,TUM,Professional & Career Networks,NETWORK
IKOM,B,https://ikom-tum.de/,info@ikom-tum.de,,,,,,,,,,,,,TUM,Professional & Career Networks,NETWORK
Information Systems Association,B,https://information-systems.club/,,,,,,,,,,,,,,TUM,"AI, Data & Software",NETWORK
Ingenieure ohne Grenzen,B,https://www.ingenieure-ohne-grenzen.org/de/mitmachen/regionalgruppe-muenchen,,,,,,,,,,,,,,TUM,Social Impact & Education,BUILD
ISPE SC München – International Society for Pharmaceutical Engineering,B,https://ispe-dach.org/student-chapter-muenchen,,,,,,,,,,,,,,TUM,Biotech & Life Sciences,NETWORK
Lern-Fair Munich,B,https://www.lern-fair.de/,,,,,,,,,,,,,,TUM,Social Impact & Education,BUILD
Maker Lab (Faculty 11),B,,,,,,,,,,,,,,,HM,Robotics & Hardware,EDUCATE
MLTech,B,https://www.ml-tech.org/,,https://www.linkedin.com/company/mltech-student-association/,,,,,,,,,,,,TUM,"AI, Data & Software",EDUCATE
MTP,B,http://www.mtp.org/,,https://de.linkedin.com/in/kim-laura-fischer-6962b9181,https://instagram.com/brandillig?igshid=YmMyMTA2M2Y=,https://twitter.com/DerNicopolidis,,,https://www.youtube.com/m945_muenchen,,,,,,,HM,Professional & Career Networks,EDUCATE
MTP – Marketing zwischen Theorie und Praxis,B,https://www.mtp.org/verein/geschaeftsstellen/muenchen,,https://www.linkedin.com/company/mtp---marketing-zwischen-theorie-und-praxis-e.v.?originalSubdomain=de,https://www.instagram.com/mtpev?hl=de,,,,https://www.youtube.com/user/MTPeV,,https://www.tiktok.com/@mtpev,,,,,TUM,Professional & Career Networks,EDUCATE
MUC.DAI,B,https://mucdai.hm.edu,,https://www.linkedin.com/showcase/muc.dai,https://www.instagram.com/muc.dai,,,,https://www.youtube.com/channel/UCx-VipFK-0IVI2R2pQD5UOQ,,,,,,,HM,"AI, Data & Software",EDUCATE
Munich Bioneers,B,https://sensus.org/munich-bioneers-0,,,,,,,,,,,,,,TUM,Biotech & Life Sciences,EDUCATE
Munich Business and Finance Club e.V.:,B,https://www.munichbfc.de/,,,,,,,,,,,,,,LMU,Finance & Business Services,NETWORK
Munich FinanceCircle,B,https://munichfinancecircle.de/,,,,,,,,,,,,,,TUM,Finance & Business Services,NETWORK
Munich Music Labs,B,https://munichmusiclabs.com/,,,,,,,,,,,,,,TUM,Entrepreneurship & Innovation,EDUCATE
Nachhoelzer,B,https://www.instagram.com/nachhoelzer,,,https://www.instagram.com/nachhoelzer,,,,,,,,,,,TUM,Sustainability & CleanTech,BUILD
neuroTUM,B,https://www.instagram.com/neuro.tum/reels,,https://www.linkedin.com/company/neurotum/,https://www.instagram.com/neuro.tum/reels,,,,,https://github.com/neuroTUM,,,,,,TUM,"AI, Data & Software",EDUCATE
Odonatum,B,https://odonatum.com/,,,,,,,,,,,,,,TUM,Sustainability & CleanTech,BUILD
Public Makers,B,https://www.publicmakers.org/,,,,,,,,,,,,,,TUM,Entrepreneurship & Innovation,EDUCATE
ReparadTUM,B,https://www.instagram.com/reparad_tum,,,https://www.instagram.com/reparad_tum,,,,,,,,,,,TUM,Sustainability & CleanTech,BUILD
Responsible Technology Hub,B,https://www.responsibletechhub.com/,,,,,,,,,,,,,,TUM,"AI, Data & Software",ADVOCATE
Robotikwerkstatt,B,https://ee.hm.edu/fakultaet/labore/labore_der_fk04_1/robotik__werkstatt.de.html,,,https://www.instagram.com/elektrotechnik_hm,,,,,,,,,,,HM,Robotics & Hardware,EDUCATE
School of Circularity,B,https://school-of-circularity.notion.site/,,,,,,,,,,,,,,TUM,Sustainability & CleanTech,EDUCATE
she.codes by TEC,B,https://codes.education/,,https://www.linkedin.com/company/30112437,https://www.instagram.com/she.codes_bytec,,,,,,,,,,,TUM,"AI, Data & Software",EDUCATE
Silicon Valley Canon Reading Club,B,https://silicon-valley-canon.club/,,,,,,,,,,,,,,TUM,Professional & Career Networks,EDUCATE
SOFT – School of Transformation,B,mailto:soft.schooloftransformation@gmail.com,,,,,,,,,,,,,,TUM,Entrepreneurship & Innovation,EDUCATE
SRM Talks,B,https://www.instagram.com/srmtalks.tum,,,https://www.instagram.com/srmtalks.tum,,,,,,,,,,,TUM,Professional & Career Networks,NETWORK
Start Right e.V.,B,https://www.start-right.de/,,,,,,,,,,,,,,LMU,Entrepreneurship & Innovation,EDUCATE
Studentischer Automobilverband München,B,https://www.sav-deutschland.de/,,,,,,,,,,,,,,TUM,Mobility & Transport,NETWORK
SusTUMable Design,B,https://www.instagram.com/sustumable_design,,,https://www.instagram.com/sustumable_design,,,,,,,,,,,TUM,Sustainability & CleanTech,BUILD
Techlabs,B,https://www.techlabs.org/location/munich,munich@techlabs.org,,,,,,,,,,,,,TUM,"AI, Data & Software",EDUCATE
Technolitics,B,mailto:studentclubs@tum.de,,,,,,,,,,,,,,TUM,"AI, Data & Software",EDUCATE
TEDxTUM,B,https://www.tedxtum.com/,,,,,,,,,,,,,,TUM,Professional & Career Networks,NETWORK
TU Investment Club,B,https://www.tuinvest.de/,,,,,,,,,,,,,,TUM,Finance & Business Services,EDUCATE
TUdesign,B,https://tudesign.super.site/,,,,,,,,,,,,,,TUM,Entrepreneurship & Innovation,EDUCATE
TUM Business Game,B,https://www.tum-businessgame.com/,,,,,,,,,,,,,,TUM,Entrepreneurship & Innovation,EDUCATE
TUM Case Club,B,https://www.tumcaseclub.de/,,https://www.linkedin.com/company/academic-energy-cooperative,,,,,,,,,,,,TUM,Entrepreneurship & Innovation,EDUCATE
TUM Green Tech Initiative,B,,,,,,,,,,,,,http://linktr.ee/tum_greentech,,TUM,Sustainability & CleanTech,EDUCATE
TUM Privacy Club,B,https://tumprivacy.club/,,https://www.linkedin.com/company/tum-privacy-club/,,,,,https://www.youtube.com/watch?v=hbkB_jNG-zE,,,,,,,TUM,"AI, Data & Software",EDUCATE
TUM Social AI Club,B,https://www.tum-social.com/,,,,,,,,,,,,,,TUM,"AI, Data & Software",EDUCATE
TUM Speakers Series,B,https://www.speakersseries.de/,,,,,,,,,,,,,,TUM,Professional & Career Networks,NETWORK
TUM.Additive Network,B,,,,,,,,,,,,,,,TUM,Entrepreneurship & Innovation,EDUCATE
TUMuchData – the Munich Database Club,B,https://www.tumuchdata.club/,contact@tumuchdata.club,https://www.linkedin.com/company/tumuchdata/,,,,,https://www.youtube.com/user/enactusMunich/videos?app=desktop&view=0&sort=dd&shelf_id=0,https://github.com/tumuchdata,,,,,,TUM,"AI, Data & Software",EDUCATE
VDE-IEEE Hochschulgruppe München,B,https://www.vde-bayern.de/de/vde-bayern-young-net/studium/hochschulgruppe-muenchen,,,,,,,,,,,,,,TUM,Quantum & Deep Physics,NETWORK
WIB – Women in Business,B,https://www.wib-womeninbusiness.de/,,,,,,,,,,,,,,TUM,Finance & Business Services,NETWORK
Women in CS @ TUM,B,https://womenincstum.github.io/,,,,,,,,,,,,,,TUM,"AI, Data & Software",NETWORK
100 Voices – One Planet,C,https://100vop.org/,,,,,,,,https://github.com/TUM-Dev,,,,,,TUM,Sustainability & CleanTech,ADVOCATE
Accento Orchester München,C,https://accento-muenchen.de/,,,,,,,,,,,,,,TUM,"Culture, Sports & Community",NETWORK
AcTUM – Drama im Vier(t)akter,C,https://www.ac-tum.de/,,,https://www.instagram.com/weareactum,,,https://www.facebook.com/Theatergruppe-ACTUM-2288109984582497,https://www.youtube.com/channel/UCVrighuO4udpu8X0yUo_kuQ,,,,,,,TUM,"Culture, Sports & Community",NETWORK
AEGEE-München e.V.,C,https://aegee-muenchen.de/,,,,,,,,,,,,,,TUM/LMU,Governance & Advocacy,NETWORK
AG Junge Lebensmittelchemie,C,https://www.ag-jlc.de/,,,,,,,,,,,,,,TUM,Biotech & Life Sciences,NETWORK
AIAS Munich e.V,C,https://aias.de/,,,,,,,,,,,,,,LMU,Social Impact & Education,ADVOCATE
Albanische Studierendengemeinschaft,C,https://www.instagram.com/albanian_students_tum,,,https://www.instagram.com/albanian_students_tum,,,,,,,,,,,TUM,"Culture, Sports & Community",NETWORK
Amnesty International HSG München,C,https://amnesty-muenchen-lmu.de/,,,https://www.instagram.com/ai_hsg_muc,,,,,,,,,,,TUM/LMU,Social Impact & Education,ADVOCATE
Arbeiterkind,C,http://www.arbeiterkind.de/,,https://www.linkedin.com/company/arbeiterkind-de,https://www.instagram.com/arbeiterkind.de,https://x.com/arbeiterkind,,https://www.facebook.com/ArbeiterKind.de,,,,,,,,LMU,Social Impact & Education,ADVOCATE
Asian-European Society Munich,C,https://www.aesmuc.de/,,,,,,,,,,,,,,TUM,"Culture, Sports & Community",NETWORK
Association of Iranian Students in Munich,C,https://www.ais-munich.org/,,,,,,,,,,,,,,TUM,"Culture, Sports & Community",NETWORK
Baduk TU Go,C,https://www.instagram.com/baduktugo,,,https://www.instagram.com/baduktugo,,,,,,,,,,,TUM,"Culture, Sports & Community",NETWORK
bdvb Hochschulgruppe München,C,https://www.linkedin.com/showcase/bdvb-hochschulgruppe-muenchen,,https://www.linkedin.com/showcase/bdvb-hochschulgruppe-muenchen,,,,,,,,,,,,TUM,Finance & Business Services,NETWORK
Beta Sigma Club,C,https://www.betasigmaclub.com/,,,,,,,,,,,,,,TUM,Finance & Business Services,NETWORK
BRASA Local Munique,C,https://www.instagram.com/brasamunique,,,https://www.instagram.com/brasamunique,,,,,,,,,,,TUM,"Culture, Sports & Community",NETWORK
Campus Cneipe C2,C,https://www.c2.tum.de/,,,https://www.instagram.com/campus_cneipe,,,,,https://github.com/CodingSyndicate/CampusCneipe,,,,,,TUM,"Culture, Sports & Community",NETWORK
Campus Connect München,C,https://www.campus-connect.de/muenchen,,,,,,,,,,,,,,TUM,Professional & Career Networks,NETWORK
Campus for Change,C,https://www.campusforchange.org/,,,,,,,,,,,,,,TUM,Social Impact & Education,ADVOCATE
Campus Runners,C,,,,,,,,,,,,,https://linktr.ee/campusrunners,,TUM,"Culture, Sports & Community",NETWORK
Campus-Chor Garching,C,https://www.ccg.tum.de/,,,,,,,,,,,,,,TUM,"Culture, Sports & Community",NETWORK
CampusZeitung,C,https://cazelmu.wordpress.com/,,,,,,,,,,,,,,LMU,"Culture, Sports & Community",BUILD
Christliche Studenten an der TUM,C,https://csmuenchen.de/en/csattum,,,,,,,,,,,,,,TUM,"Culture, Sports & Community",NETWORK
Cico Jazz Orchester,C,https://www.instagram.com/cicojazzorchester,,,https://www.instagram.com/cicojazzorchester,,,,,,,,,,,TUM,"Culture, Sports & Community",NETWORK
Commit to Partnership e.V,C,https://www.betterplace.org/en/organisations/17539-commit-to-partnership-e-v,,,,,,,,,,,,,,LMU,Social Impact & Education,ADVOCATE
Debattierclub München,C,https://debattierclub-muenchen.de/,,,https://www.instagram.com/munichdebate,,,https://www.facebook.com/Debattierclub.Muenchen,,,,,,,,TUM,"Culture, Sports & Community",NETWORK
Debattierclub „Münchner Debatte“,C,https://www.muenchnerdebatte.de/,,,,,,,,,,,,,,HM,"Culture, Sports & Community",NETWORK
der tu film,C,https://www.tu-film.de/,,,https://www.instagram.com/dertufilm,,,https://de-de.facebook.com/dertufilm,,,,,,,,TUM,"Culture, Sports & Community",NETWORK
Die Funzel,C,https://funzel.blog/,,,,,,,,,,,,,,LMU,"Culture, Sports & Community",NETWORK
Eat & Meet München,C,https://www.instagram.com/eatmeetmunich,,,https://www.instagram.com/eatmeetmunich,,,,,,,,,,,TUM,"Culture, Sports & Community",NETWORK
Eat your campus,C,https://www.instagram.com/eatyourcampus,,,https://www.instagram.com/eatyourcampus,,,,,,,,,,,HM,"Culture, Sports & Community",NETWORK
Effektiver Altruismus München,C,https://www.eamuenchen.de/,,,,,,,,,,,,,,TUM,Social Impact & Education,ADVOCATE
EHG – Evangelische Hochschulgemeinde an der TUM,C,https://www.ehg-tum.de/,,,https://www.instagram.com/ehg_tum,,,https://www.facebook.com/EHG.TUM,https://www.youtube.com/@EHGTUMChannel,,,,,,,TUM,"Culture, Sports & Community",NETWORK
Electrochemical Society Student Chapter Munich,C,https://www.ch.nat.tum.de/tec/ecs-student-chapter,,https://www.linkedin.com/company/ecsscm,,,,,,,,,,,,TUM,Biotech & Life Sciences,NETWORK
EMSA FMO TU Munich,C,https://www.sv.tum.de/en/med/projekte/emsa,,,,,,https://facebook.com/emsa.tumunich,,,,,,,,TUM,Biotech & Life Sciences,NETWORK
EnHands,C,https://enhands.de/,,,,,,,,,,,,,,TUM,Social Impact & Education,ADVOCATE
Erasmus Student Network (ESN TUMi),C,https://tumi.esn.world/events,,https://linkedin.com/company/compvis,,,,,https://www.youtube.com/watch?v=DOJoHXRj0Tk,https://github.com/CompVis/stable-diffusion,,,,,,TUM,"Culture, Sports & Community",NETWORK
Ethics in Academia,C,,,,,,,,,,,,,https://linktr.ee/ethics.academia.tum,,TUM,Social Impact & Education,ADVOCATE
Evangelische Studierendengemeinde,C,https://www.esgmuenchen.de/,,,,,,,,,,,,,,LMU,"Culture, Sports & Community",NETWORK
Faculties Football League,C,https://facultiesfootballleague.de/,,,,,,,,,,,,,,TUM,"Culture, Sports & Community",NETWORK
Forward Europe Munich,C,https://munich.fwdeu.org/,,,,,,,,,,,,,,TUM,Governance & Advocacy,ADVOCATE
Fusian Dance Crew,C,https://fusiandance.github.io/,,,,,,,,,,,,,,TUM,"Culture, Sports & Community",NETWORK
German Chinese Student Club,C,https://www.instagram.com/gcsc.muc,,,https://www.instagram.com/gcsc.muc,,,,,,,,,,,TUM,"Culture, Sports & Community",NETWORK
GOOSE,C,https://rexusgoose.com/,,,,,,,,,,,,,,TUM,"Culture, Sports & Community",NETWORK
Griechisch-Orthodoxe Metropolie,C,https://hellas-bayern.de/1,,,,,,,,,,,,,,LMU,"Culture, Sports & Community",NETWORK
HM Kino,C,http://www.fs04.de/kino,,,https://www.instagram.com/hm__kino,,,http://www.facebook.com/hmkino,,,,,,,,HM,"Culture, Sports & Community",NETWORK
Hochschulgruppe des Landesbund für Vogelschutz Straubing,C,https://straubing-bogen.lbv.de/%C3%BCber-uns/hochschulgruppe,,,https://www.instagram.com/lbv_bayern,http://twitter.com/intent/tweet?status=LBV%20-%20Gemeinsam%20Bayerns%20Natur%20sch%C3%BCtzen+https://www.lbv.de/,,https://www.facebook.com/LBVBayern,https://www.youtube.com/user/LBVBayern,,,,,,,TUM,Sustainability & CleanTech,ADVOCATE
Hochschulgruppe des Landesbunds für Vogelschutz Freising,C,https://freising.lbv.de/hochschulgruppe/%C3%BCber-uns,,,,,,,,,,,,,,TUM,Sustainability & CleanTech,ADVOCATE
Hongkong-Macau Student Society München,C,https://hkmss.de/,,,,,,,,,,,,,,TUM,"Culture, Sports & Community",NETWORK
Humanistische Hochschulgruppe München,C,http://www.hhgm.de/,,,,,,,,,,,,,,LMU,"Culture, Sports & Community",NETWORK
I-Club,C,https://www.facebook.com/internationalclub.munich,,,,,,https://www.facebook.com/internationalclub.munich,,,,,,,,HM,"Culture, Sports & Community",NETWORK
IAMLIS,C,https://sites.hm.edu/iamlis,,,,,,,,,,,,,,HM,"Culture, Sports & Community",NETWORK
Islamische Hochschulvereinigung,C,http://ihv-muenchen.net/,,,,,,,,,,,,,,LMU,"Culture, Sports & Community",NETWORK
Japanese Culture Club München,C,https://jacc-munich.de/,,,,,,,,,,,,,,TUM,"Culture, Sports & Community",NETWORK
jDPG RG München,C,https://www.dpg-physik.de/vereinigungen/fachuebergreifend/ak/akjdpg/regional/rg-muenchen,,,,,,,,,,,,,,TUM,Quantum & Deep Physics,NETWORK
JSUD – Jüdische Studierendenunion,C,https://www.facebook.com/JSUDeutschland,,,,,,https://www.facebook.com/JSUDeutschland,,,,,,,,TUM,"Culture, Sports & Community",NETWORK
Jungchemikerforum München,C,https://jcf.io/muenchen,,,,,,,,,,,,,,TUM,Biotech & Life Sciences,NETWORK
Junior-Gesellschaft für Biochemie und Molekularbiologie München,C,https://gbm-online.de/de/junior-gbm-muenchen.html,,,,,,,,,,,,,,TUM,Biotech & Life Sciences,NETWORK
Katholische Hochschulgemeinde München,C,https://ekhg.hm.edu/,,,,,,,,,,,,,,TUM/LMU,"Culture, Sports & Community",NETWORK
Kulturklub,C,https://kulturklub.wixsite.com/kulturklub,,,,,,,,,,,,,,TUM,"Culture, Sports & Community",NETWORK
LATUM,C,https://www.instagram.com/latum.club,,,https://www.instagram.com/latum.club,,,,,,,,,,,TUM,Professional & Career Networks,NETWORK
Leptodon,C,https://leptodon.de/,,,,,,,,,,,,,,TUM,Sustainability & CleanTech,ADVOCATE
Lëtzebuerger Studenten zu München,C,https://lsm.lu/,,,,,,,,,,,,,,TUM,"Culture, Sports & Community",NETWORK
M 94.5,C,http://www.m945.de/,,,,,,,,,,,,,,LMU/HM,"Culture, Sports & Community",BUILD
Mary's Meals Studentclub,C,https://www.instagram.com/marysmeals.studentclub,,,https://www.instagram.com/marysmeals.studentclub,,,,,,,,,,,TUM,Social Impact & Education,ADVOCATE
mhm,C,http://www.facebook.com/mhm.magazin,,,,,,http://www.facebook.com/mhm.magazin,,,,,,,,HM,"Culture, Sports & Community",BUILD
MigraMed München,C,https://www.fachschaft-medizin.de/migramed,,,,,,,,,,,,,,LMU,Biotech & Life Sciences,NETWORK
Model United Nations TU Munich (MUNTUM),C,https://muntum.org/,,,,,,,,,,,,,,TUM,Governance & Advocacy,EDUCATE
MUN Centenarians,C,https://muncent.com/,,,,,,,,,,,,,,TUM,Governance & Advocacy,EDUCATE
Munich Animal Rights Club,C,https://www.municharc.de/,,https://www.linkedin.com/company/11814768,http://instagram.com/warr.tum,https://twitter.com/warr_tum,,https://www.facebook.com/warr.tum,https://www.youtube.com/c/WARR_TUM,,,,,,,TUM,Social Impact & Education,ADVOCATE
Munich Competitive Math Club,C,https://mc-squared.jimdosite.com/,,,,,,,,,,,,,,TUM,"Culture, Sports & Community",NETWORK
Munich eSports,C,https://munich-esports.de/,,,,,,,,,,,,,,TUM,"Culture, Sports & Community",NETWORK
Munich Student Athletes Club,C,https://www.munich-sac.de/,,,,,,,,,,,,,,TUM,"Culture, Sports & Community",NETWORK
Munich Students MTB Club,C,https://www.instagram.com/munichstudentsmtb,,,https://www.instagram.com/munichstudentsmtb,,,,,,,,,,,TUM,"Culture, Sports & Community",NETWORK
Muslimische Studenteninitiative der TUM,C,https://www.muslimischestudenteninitiative.de/ueber-uns,,,,,,,,,,,,,,TUM,"Culture, Sports & Community",NETWORK
Münchner Erasmus Studenten Assoziation (MESA e.V.),C,http://mesa.esn-germany.de/,,,,,,,,,,,,,,LMU,"Culture, Sports & Community",NETWORK
Münchner Uni Schafkopf Club,C,https://discord.gg/4hJ6PrGD7J,,,,,https://discord.gg/4hJ6PrGD7J,,,,,,,,,TUM,"Culture, Sports & Community",NETWORK
Nightline München,C,https://nightlinemuenchen.wordpress.com/,nightline.muenchen.mitglieder@gmail.com,,,,,https://www.facebook.com/CampusZeitung.LMU?ref=br_rs,,,,,,,,TUM/LMU,Social Impact & Education,CONSULT
Nomen Nominandum,C,https://www.fachschaft.geschichte.uni-muenchen.de/nono/index.html,,,,,,,,,,,,,,LMU,"Culture, Sports & Community",NETWORK
PAOSO,C,https://www.paoso.de/,,,,,,,,,,,,,,HM,"Culture, Sports & Community",NETWORK
peca e.V.,C,https://www.peca-ev.com/,,,,,,,,,,,,,,TUM,Social Impact & Education,ADVOCATE
Phantum,C,https://phantum.eu/,,,https://www.instagram.com/phantum_aerospace/,,,,,,,,,,,TUM,"Culture, Sports & Community",NETWORK
Philosophia Munich,C,https://www.philosophiamunich.org/,,,,,,,,,,,,,,TUM,"Culture, Sports & Community",NETWORK
Philtrat,C,https://philtrat-muenchen.de/,,,,,,,,,,,,,,LMU,"Culture, Sports & Community",BUILD
Plant a Seed,C,https://umwelt.asta.tum.de/plantaseed,,,,,,https://facebook.com/rivoumwelt,,,,,,,,TUM,Sustainability & CleanTech,ADVOCATE
Plant-Based Universities Munich,C,https://www.pbu-munich.de/,,,,,,,,,,,,,,TUM,Sustainability & CleanTech,ADVOCATE
PPI Munich,C,https://ppimunich.org/,,,,,,,,,,,,,,TUM,"Culture, Sports & Community",NETWORK
Praias do Isar,C,https://praiasdoisar.de/,,,,,,,,,,,,,,TUM,"Culture, Sports & Community",NETWORK
Referat für Nachhaltigkeit,C,https://hm.edu/hochschule_muenchen/nachhaltigkeit_1/ordner2_1/referat_fuer_nachhaltige_entwicklung.de.html,,,,,,,,,,,,,,HM,Sustainability & CleanTech,ADVOCATE
Refugee Law Clinic—Munich,C,http://rlcm.de/,,,,,,,,,,,,,,LMU,Social Impact & Education,CONSULT
rescriptum,C,http://www.rescriptum.org/,,,,,,,,,,,,,,LMU,"Culture, Sports & Community",BUILD
Ringvorlesung Umwelt,C,https://umwelt.asta.tum.de/en/ringvorlesung,,,https://instagram.com/umweltreferat,,,https://facebook.com/rivoumwelt,,,,,,,,TUM,Sustainability & CleanTech,ADVOCATE
RockYourLife! München,C,https://muenchen.rockyourlife.de/,,,,,,,,,,,,,,TUM,Social Impact & Education,CONSULT
Sinik,C,http://sinik-munich.de/WER-WIR-SIND,,https://de.linkedin.com/company/sinik-munich,,,,https://www.facebook.com/SinikMunich,,,,,,,,LMU,"Culture, Sports & Community",NETWORK
Sky Campus München,C,https://www.instagram.com/skycampusmunich,,,https://www.instagram.com/skycampusmunich,,,,,,,,,,,TUM,"Culture, Sports & Community",NETWORK
SLOVO – Russischsprachiger Club,C,https://www.instagram.com/slovotum,,,https://www.instagram.com/slovotum,,,,,,,,,,,TUM,"Culture, Sports & Community",NETWORK
sneep,C,http://www.sneep.info/lokalgruppen/muenchen,,,,,,,,,,,,,,LMU,Sustainability & CleanTech,ADVOCATE
Society of Sommeliers,C,https://www.societyofsommeliers.de/,,,,,,,,,,,,,,TUM,"Culture, Sports & Community",NETWORK
Stipendiennetzwerk München,C,https://stipendiennetzwerk.de/,,,,,,,,,,,,,,TUM,Social Impact & Education,ADVOCATE
StOrch Studierendenorchester,C,https://storch-muenchen.org/,,,,,,,,,,,,,,TUM,"Culture, Sports & Community",NETWORK
Studenten bilden Schüler e.V.,C,https://studenten-bilden-schueler.de/standorte/muenchen,,,,,,,,,,,,,,LMU,Social Impact & Education,ADVOCATE
Studentenhilfe München e.V,C,https://www.studentenhilfe-muenchen.de/,,,,,,,,,,,,,,LMU,Social Impact & Education,ADVOCATE
Studentisches Green Office,C,https://hm.edu/hochschule_muenchen/nachhaltigkeit_1/nachhaltige_hochschule/green_office.de.html,,,,,,,,,,,,,,HM,Sustainability & CleanTech,ADVOCATE
Studierendenvertretung STUVE,C,http://www.stuve.hm.edu/,,,,,,,,,,,,,,HM,Governance & Advocacy,ADVOCATE
Studnd,C,https://studnd.club/,,,,,,,,,,,,,,TUM,"Culture, Sports & Community",NETWORK
Study Tutors München,C,https://studytutors.de/standorte/muenchen,,,,,,,,,,,,,,TUM,Social Impact & Education,EDUCATE
Talente Spenden,C,https://www.talente-spenden.com/,,,,,,,,,,,,,,TUM,Social Impact & Education,CONSULT
The Bulletin,C,https://www.instagram.com/thebulletintum,,,https://www.instagram.com/thebulletintum,,,,,,,,,,,TUM,"Culture, Sports & Community",BUILD
TIDE,C,https://tum-tide.com/,,,,,,,,,,,,,,TUM,Governance & Advocacy,ADVOCATE
TSM Championship,C,https://miasantum.de/,,,https://www.instagram.com/miasantum,,,,,,,,,,,TUM,"Culture, Sports & Community",NETWORK
TU eMpower Africa e.V.,C,https://de.linkedin.com/company/tu-empower-africa-e-v,,https://de.linkedin.com/company/tu-empower-africa-e-v,,,,,,,,,,,,TUM,Social Impact & Education,ADVOCATE
TU Peak Seekers,C,https://www.linkedin.com/company/tu-peak-seekers,,https://www.linkedin.com/company/tu-peak-seekers,,,,,,,,,,,,TUM,"Culture, Sports & Community",NETWORK
TUM Buchclub,C,https://www.instagram.com/tum.buchclub,,,https://www.instagram.com/tum.buchclub,,,,,,,,,,,TUM,"Culture, Sports & Community",NETWORK
TUM Chess Club,C,https://www.instagram.com/tum_chessclub,,,https://www.instagram.com/tum_chessclub,,,,,,,,,,,TUM,"Culture, Sports & Community",NETWORK
TUM Cycling Club,C,https://www.instagram.com/tumcycling,,,https://www.instagram.com/tumcycling,,,,,,,,,,,TUM,"Culture, Sports & Community",NETWORK
TUM Dixieland Combo,C,https://tum-dixieland-combo.jimdosite.com/,,https://www.linkedin.com/company/academy-consult,https://www.instagram.com/academy.consult,,,,,,,,,,,TUM,"Culture, Sports & Community",NETWORK
TUM HN Hiking Club,C,https://www.instagram.com/tum.hiking.club,,,https://www.instagram.com/tum.hiking.club,,,,,,,,,,,TUM,"Culture, Sports & Community",NETWORK
TUM JazzBand,C,https://tumjazzband.de/,,,,,,,,,,,,,,TUM,"Culture, Sports & Community",NETWORK
TUM Verdauungskanal,C,,,,,,,,,,,,,,,TUM,"Culture, Sports & Community",NETWORK
Turkish Club,C,https://www.turkishclub-munich.com/en,,,,,,,,,,,,,,TUM,"Culture, Sports & Community",NETWORK
TutoRIA,C,https://www.tutoria-international.uni-muenchen.de/index.html,,,,,,,,,,,,,,LMU,Social Impact & Education,EDUCATE
Unikatmag,C,http://unikatmuc.de/,,,,,,,,,,,,,,LMU,"Culture, Sports & Community",BUILD
Verband Jüdischer Studenten in Bayern,C,https://www.studentenwerk-muenchen.de/beratungsnetzwerk/wir-arbeiten-zusammen-mit/hochschulgemeinden/verband-juedischer-studenten-in-bayern-vjsb,,https://www.linkedin.com/company/gbm-gesellschaft-für-biochemie-und-molekularbiologie---biotechnology-company---frankfurt-germany?viewAsMember=true,,,,,,,,,,,,LMU,"Culture, Sports & Community",NETWORK
YFN @ UNIS,C,https://youngfounders.network/chapter/muenchen,,https://www.linkedin.com/authwall?trk=bf&trkInfo=AQHoWdWvZp6buwAAAXlF7G1ojHWjcVIPLVwiv1FRXJDrfT0HpQbMgEj0iofQrMnJ2fLeKy-5xTeYBnDArQfgb0WdckH6PhzB6M58TP9MYaGtmWyid5GMvNetiqGPvUnpFeNvd88=&originalReferer=&sessionRedirect=https%3A%2F%2Fwww.linkedin.com%2Fin%2Fispedachyp%2F,https://www.instagram.com/ispe_dach,https://twitter.com/ISPEorg,,https://www.facebook.com/ISPEorg,https://www.youtube.com/@ispedach3223,,,,,,,TUM,"Culture, Sports & Community",NETWORK
Youth4Paws,C,https://youth4paws.org/,,,,,,,,,,,,,,TUM,Social Impact & Education,ADVOCATE
